agegrp	gender	year	cause_code	rate	relrank	DxDesc
1-6	M	2015	29690	.258110014104372	1	Episodic mood disord NOS
1-6	M	2015	29699	.133051245886225	2	Episodic mood disord NEC
1-6	M	2015	31401	.0973201692524683	3	Attn deficit w hyperact
1-6	M	2015	F348	.0921485660554772	4	Other persistent mood [affective] disorders
1-6	M	2015	F39	.0470145745181006	5	Unspecified mood [affective] disorder
1-6	M	2015	29680	.0385519511048425	6	Bipolar disorder NOS
1-6	M	2015	31381	.0263281617301363	7	Opposition defiant disor
1-6	M	2015	311	.0211565585331453	8	Depressive disorder NEC
1-6	M	2015	30981	.0188058298072402	10	Posttraumatic stress dis
1-6	F	2015	29690	.254515599343186	1	Episodic mood disord NOS
1-6	F	2015	29699	.121510673234811	2	Episodic mood disord NEC
1-6	F	2015	F348	.0804597701149425	3	Other persistent mood [affective] disorders
1-6	F	2015	31401	.0607553366174056	4	Attn deficit w hyperact
1-6	F	2015	F39	.0459770114942529	5	Unspecified mood [affective] disorder
1-6	F	2015	29680	.0361247947454844	6	Bipolar disorder NOS
1-6	F	2015	30981	.0311986863711002	7	Posttraumatic stress dis
1-6	F	2015	F319	.0246305418719212	9	Bipolar disorder, unspecified
1-6	F	2015	2989	.0197044334975369	10	Psychosis NOS
7-9	M	2015	29690	.224848250032287	1	Episodic mood disord NOS
7-9	M	2015	29699	.114296784192174	2	Episodic mood disord NEC
7-9	M	2015	F348	.0920831718971975	3	Other persistent mood [affective] disorders
7-9	M	2015	29680	.0650910499806277	4	Bipolar disorder NOS
7-9	M	2015	31401	.0595376469068836	5	Attn deficit w hyperact
7-9	M	2015	F39	.037582332429291	6	Unspecified mood [affective] disorder
7-9	M	2015	31381	.0293168022730208	7	Opposition defiant disor
7-9	M	2015	F319	.0263463773731112	8	Bipolar disorder, unspecified
7-9	M	2015	311	.0237633991992768	9	Depressive disorder NEC
7-9	M	2015	30981	.0178225493994576	10	Posttraumatic stress dis
7-9	F	2015	29690	.22176450394782	1	Episodic mood disord NOS
7-9	F	2015	29699	.0937178166838311	2	Episodic mood disord NEC
7-9	F	2015	F348	.0744936491589427	3	Other persistent mood [affective] disorders
7-9	F	2015	29680	.0511500171644353	4	Bipolar disorder NOS
7-9	F	2015	31401	.0401647785787848	5	Attn deficit w hyperact
7-9	F	2015	30981	.0339855818743563	6	Posttraumatic stress dis
7-9	F	2015	F39	.03261242705115	7	Unspecified mood [affective] disorder
7-9	F	2015	2989	.0319258496395469	8	Psychosis NOS
7-9	F	2015	311	.0312392722279437	9	Depressive disorder NEC
7-9	F	2015	31381	.0243734981119121	10	Opposition defiant disor
10-12	M	2015	29690	.189598308668076	1	Episodic mood disord NOS
10-12	M	2015	29699	.0931923890063425	2	Episodic mood disord NEC
10-12	M	2015	F348	.079492600422833	3	Other persistent mood [affective] disorders
10-12	M	2015	29680	.0703594080338266	4	Bipolar disorder NOS
10-12	M	2015	31401	.0397463002114165	5	Attn deficit w hyperact
10-12	M	2015	F39	.0365327695560254	6	Unspecified mood [affective] disorder
10-12	M	2015	311	.0359408033826638	7	Depressive disorder NEC
10-12	M	2015	F319	.0300211416490486	8	Bipolar disorder, unspecified
10-12	M	2015	29633	.0280761099365751	9	Recur depr psych-severe
10-12	M	2015	29623	.0209725158562368	10	Depress psychosis-severe
10-12	F	2015	29690	.131007371007371	1	Episodic mood disord NOS
10-12	F	2015	29633	.0841277641277641	2	Recur depr psych-severe
10-12	F	2015	311	.0695823095823096	3	Depressive disorder NEC
10-12	F	2015	29623	.0563144963144963	4	Depress psychosis-severe
10-12	F	2015	29699	.0527764127764128	5	Episodic mood disord NEC
10-12	F	2015	29680	.0518918918918919	6	Bipolar disorder NOS
10-12	F	2015	F348	.0432432432432432	7	Other persistent mood [affective] disorders
10-12	F	2015	F332	.0382309582309582	8	Major depressv disorder, recurrent severe w/o psych features
10-12	F	2015	F329	.0314496314496314	9	Major depressive disorder, single episode, unspecified
10-12	F	2015	29634	.0307616707616708	10	Rec depr psych-psychotic
13-17	M	2015	29690	.127923073120087	1	Episodic mood disord NOS
13-17	M	2015	29633	.0809067088545014	2	Recur depr psych-severe
13-17	M	2015	29680	.0655806595145103	3	Bipolar disorder NOS
13-17	M	2015	29699	.0558906412221288	4	Episodic mood disord NEC
13-17	M	2015	311	.0536164532555495	5	Depressive disorder NEC
13-17	M	2015	F348	.0461511840609087	6	Other persistent mood [affective] disorders
13-17	M	2015	F332	.0420724773817175	7	Major depressv disorder, recurrent severe w/o psych features
13-17	M	2015	29623	.038043209571365	8	Depress psychosis-severe
13-17	M	2015	F329	.0293914075245958	9	Major depressive disorder, single episode, unspecified
13-17	M	2015	29620	.0268205863449844	10	Depress psychosis-unspec
13-17	F	2015	29633	.145060441850771	1	Recur depr psych-severe
13-17	F	2015	29690	.0852824479335526	2	Episodic mood disord NOS
13-17	F	2015	F332	.0724067126734905	3	Major depressv disorder, recurrent severe w/o psych features
13-17	F	2015	311	.0656909514766955	4	Depressive disorder NEC
13-17	F	2015	29623	.0589597517484137	5	Depress psychosis-severe
13-17	F	2015	29680	.0579253701387924	6	Bipolar disorder NOS
13-17	F	2015	29620	.0426412239667763	7	Depress psychosis-unspec
13-17	F	2015	F329	.0332545968227502	8	Major depressive disorder, single episode, unspecified
13-17	F	2015	29634	.0319886372408257	9	Rec depr psych-psychotic
13-17	F	2015	29699	.0299198740215831	10	Episodic mood disord NEC
18-21	M	2015	29633	.091866182129115	1	Recur depr psych-severe
18-21	M	2015	29680	.0664279606669517	2	Bipolar disorder NOS
18-21	M	2015	29570	.0588926891834117	3	Schizoaffective dis NOS
18-21	M	2015	2989	.0550448909790509	4	Psychosis NOS
18-21	M	2015	29690	.0502885848653271	5	Episodic mood disord NOS
18-21	M	2015	311	.0494335185976913	6	Depressive disorder NEC
18-21	M	2015	F332	.037248824283882	7	Major depressv disorder, recurrent severe w/o psych features
18-21	M	2015	2920	.0303548525010688	8	Drug withdrawal
18-21	M	2015	29620	.0257054296707995	9	Depress psychosis-unspec
18-21	M	2015	29590	.0215369816160752	10	Schizophrenia NOS-unspec
18-21	F	2015	29633	.152004454342984	1	Recur depr psych-severe
18-21	F	2015	29680	.0689866369710468	2	Bipolar disorder NOS
18-21	F	2015	F332	.0629732739420935	3	Major depressv disorder, recurrent severe w/o psych features
18-21	F	2015	311	.0506681514476615	4	Depressive disorder NEC
18-21	F	2015	29690	.0414253897550111	5	Episodic mood disord NOS
18-21	F	2015	29620	.0334075723830735	6	Depress psychosis-unspec
18-21	F	2015	29570	.0302338530066815	7	Schizoaffective dis NOS
18-21	F	2015	29689	.0256124721603563	8	Bipolar disorder NEC
18-21	F	2015	29623	.0252227171492205	9	Depress psychosis-severe
18-21	F	2015	F329	.0244988864142539	10	Major depressive disorder, single episode, unspecified
22-29	M	2015	29570	.0844475920679887	1	Schizoaffective dis NOS
22-29	M	2015	29633	.0730594900849858	2	Recur depr psych-severe
22-29	M	2015	2920	.0580169971671388	3	Drug withdrawal
22-29	M	2015	29680	.05671388101983	4	Bipolar disorder NOS
22-29	M	2015	2989	.0429745042492918	5	Psychosis NOS
22-29	M	2015	311	.0422662889518414	6	Depressive disorder NEC
22-29	M	2015	29690	.0418130311614731	7	Episodic mood disord NOS
22-29	M	2015	F332	.0281869688385269	8	Major depressv disorder, recurrent severe w/o psych features
22-29	M	2015	29590	.0258923512747875	9	Schizophrenia NOS-unspec
22-29	M	2015	29530	.0228045325779037	10	Paranoid schizo-unspec
22-29	F	2015	29633	.11437504544463	1	Recur depr psych-severe
22-29	F	2015	29680	.0725659856031411	2	Bipolar disorder NOS
22-29	F	2015	29570	.0520250127244965	3	Schizoaffective dis NOS
22-29	F	2015	2920	.0491529120919072	4	Drug withdrawal
22-29	F	2015	F332	.0478804624445575	5	Major depressv disorder, recurrent severe w/o psych features
22-29	F	2015	311	.0397367847015197	6	Depressive disorder NEC
22-29	F	2015	29690	.0365374827310405	7	Episodic mood disord NOS
22-29	F	2015	29620	.0255944157638333	8	Depress psychosis-unspec
22-29	F	2015	29689	.0253762815385734	9	Bipolar disorder NEC
30-39	M	2015	29570	.095189656557004	1	Schizoaffective dis NOS
30-39	M	2015	29633	.0744974168161255	2	Recur depr psych-severe
30-39	M	2015	29680	.0536177958615521	3	Bipolar disorder NOS
30-39	M	2015	2920	.0494686404154509	4	Drug withdrawal
30-39	M	2015	29690	.035067055705758	5	Episodic mood disord NOS
30-39	M	2015	311	.0350402869609444	6	Depressive disorder NEC
30-39	M	2015	29181	.0341569183820971	7	Alcohol withdrawal
30-39	M	2015	F332	.0304360628530128	8	Major depressv disorder, recurrent severe w/o psych features
30-39	M	2015	2989	.0299006879567417	9	Psychosis NOS
30-39	M	2015	29530	.0240115640977595	10	Paranoid schizo-unspec
30-39	F	2015	29633	.119172767661598	1	Recur depr psych-severe
30-39	F	2015	29680	.0716162943495401	2	Bipolar disorder NOS
30-39	F	2015	29570	.067736687316188	3	Schizoaffective dis NOS
30-39	F	2015	F332	.0434578562042425	4	Major depressv disorder, recurrent severe w/o psych features
30-39	F	2015	2920	.0422376572179463	5	Drug withdrawal
30-39	F	2015	29690	.0313497278017646	6	Episodic mood disord NOS
30-39	F	2015	311	.0301608159689631	7	Depressive disorder NEC
30-39	F	2015	29634	.0248107127213566	8	Rec depr psych-psychotic
30-39	F	2015	29689	.0246855641073775	9	Bipolar disorder NEC
30-39	F	2015	29620	.0230586321256492	10	Depress psychosis-unspec
40-55	M	2015	29633	.0947514290663433	1	Recur depr psych-severe
40-55	M	2015	29570	.0896318109205689	2	Schizoaffective dis NOS
40-55	M	2015	29181	.0589718421001982	3	Alcohol withdrawal
40-55	M	2015	29680	.051234674827261	4	Bipolar disorder NOS
40-55	M	2015	29634	.0357218469118694	5	Rec depr psych-psychotic
40-55	M	2015	F332	.0357026002271109	6	Major depressv disorder, recurrent severe w/o psych features
40-55	M	2015	2920	.0350097195758031	7	Drug withdrawal
40-55	M	2015	311	.0349134861520103	8	Depressive disorder NEC
40-55	M	2015	29690	.0299478414843043	9	Episodic mood disord NOS
40-55	M	2015	29620	.0235579421444656	10	Depress psychosis-unspec
40-55	F	2015	29633	.133606068704644	1	Recur depr psych-severe
40-55	F	2015	29570	.0785930144111177	2	Schizoaffective dis NOS
40-55	F	2015	29680	.0625578192134531	3	Bipolar disorder NOS
40-55	F	2015	F332	.0460909072220052	4	Major depressv disorder, recurrent severe w/o psych features
40-55	F	2015	29634	.0367370433567009	5	Rec depr psych-psychotic
40-55	F	2015	29181	.030322965277635	6	Alcohol withdrawal
40-55	F	2015	2920	.0265608617889522	7	Drug withdrawal
40-55	F	2015	311	.0255535226034578	8	Depressive disorder NEC
40-55	F	2015	29620	.0233743806919803	9	Depress psychosis-unspec
40-55	F	2015	29690	.0229426638981971	10	Episodic mood disord NOS
55-65	M	2015	29633	.107247106190237	1	Recur depr psych-severe
55-65	M	2015	29181	.0727730246602919	2	Alcohol withdrawal
55-65	M	2015	29570	.069350780070458	3	Schizoaffective dis NOS
55-65	M	2015	F332	.0420734776044288	4	Major depressv disorder, recurrent severe w/o psych features
55-65	M	2015	29680	.0389531957725214	5	Bipolar disorder NOS
55-65	M	2015	29634	.038751887267237	6	Rec depr psych-psychotic
55-65	M	2015	2920	.0364871665827881	7	Drug withdrawal
55-65	M	2015	311	.0284851534977353	8	Depressive disorder NEC
55-65	M	2015	29530	.0241570206341218	9	Paranoid schizo-unspec
55-65	M	2015	29620	.0236034222445898	10	Depress psychosis-unspec
55-65	F	2015	29633	.134500725143686	1	Recur depr psych-severe
55-65	F	2015	29570	.0748240855132406	2	Schizoaffective dis NOS
55-65	F	2015	F332	.0495783423752484	3	Major depressv disorder, recurrent severe w/o psych features
55-65	F	2015	29680	.0494709136810442	4	Bipolar disorder NOS
55-65	F	2015	29634	.0422731911693613	5	Rec depr psych-psychotic
55-65	F	2015	29181	.0331417521620025	6	Alcohol withdrawal
55-65	F	2015	2989	.0258903153032175	7	Psychosis NOS
55-65	F	2015	311	.0221303110060697	8	Depressive disorder NEC
55-65	F	2015	29620	.0218617392705592	9	Depress psychosis-unspec
55-65	F	2015	2920	.0215931675350486	10	Drug withdrawal
66-77	M	2015	29633	.105360443622921	1	Recur depr psych-severe
66-77	M	2015	29181	.0563770794824399	2	Alcohol withdrawal
66-77	M	2015	29421	.0492474254026934	3	Demen NOS w behav distrb
66-77	M	2015	29634	.0438341695273303	4	Rec depr psych-psychotic
66-77	M	2015	F332	.0398732505941378	5	Major depressv disorder, recurrent severe w/o psych features
66-77	M	2015	2989	.0389490361763929	6	Psychosis NOS
66-77	M	2015	29570	.0368365460786903	7	Schizoaffective dis NOS
66-77	M	2015	311	.0277264325323475	8	Depressive disorder NEC
66-77	M	2015	2920	.0245576973857935	9	Drug withdrawal
66-77	M	2015	29680	.0233694217058358	10	Bipolar disorder NOS
66-77	F	2015	29633	.125815470643057	1	Recur depr psych-severe
66-77	F	2015	29634	.0522936729833282	2	Rec depr psych-psychotic
66-77	F	2015	F332	.0478409443926685	3	Major depressv disorder, recurrent severe w/o psych features
66-77	F	2015	29570	.0473231852542197	4	Schizoaffective dis NOS
66-77	F	2015	2989	.0439059749404577	5	Psychosis NOS
66-77	F	2015	29421	.0396603500051776	6	Demen NOS w behav distrb
66-77	F	2015	29680	.0357253805529668	7	Bipolar disorder NOS
66-77	F	2015	F333	.0220565392979186	8	Major depressv disorder, recurrent, severe w psych symptoms
66-77	F	2015	29623	.0217458838148493	9	Depress psychosis-severe
66-77	F	2015	29620	.020606813710262	10	Depress psychosis-unspec
78 and up	M	2015	29421	.171724137931034	1	Demen NOS w behav distrb
78 and up	M	2015	29411	.0655172413793104	2	Dementia w behavior dist
78 and up	M	2015	F0391	.0648275862068965	3	Unspecified dementia with behavioral disturbance
78 and up	M	2015	29633	.0641379310344828	4	Recur depr psych-severe
78 and up	M	2015	2989	.0568965517241379	5	Psychosis NOS
78 and up	M	2015	29634	.0379310344827586	6	Rec depr psych-psychotic
78 and up	M	2015	29623	.03	7	Depress psychosis-severe
78 and up	M	2015	2948	.0272413793103448	8	Mental disor NEC oth dis
78 and up	M	2015	311	.0268965517241379	9	Depressive disorder NEC
78 and up	M	2015	F29	.0255172413793103	10	Unsp psychosis not due to a substance or known physiol cond
78 and up	F	2015	29421	.146705253784506	1	Demen NOS w behav distrb
78 and up	F	2015	29633	.085040071237756	2	Recur depr psych-severe
78 and up	F	2015	2989	.0730186999109528	3	Psychosis NOS
78 and up	F	2015	29634	.0565449688334817	4	Rec depr psych-psychotic
78 and up	F	2015	29411	.0543187889581478	5	Dementia w behavior dist
78 and up	F	2015	F0391	.0540961709706144	6	Unspecified dementia with behavioral disturbance
78 and up	F	2015	F332	.0296081923419412	7	Major depressv disorder, recurrent severe w/o psych features
78 and up	F	2015	F333	.0291629563668744	8	Major depressv disorder, recurrent, severe w psych symptoms
78 and up	F	2015	F29	.0276046304541407	9	Unsp psychosis not due to a substance or known physiol cond
78 and up	F	2015	29623	.0215939447907391	10	Depress psychosis-severe
1-6	M	2016	F348	.259568204121688	1	Other persistent mood [affective] disorders
1-6	M	2016	F3481	.142787046123651	2	Disruptive mood dysregulation disorder
1-6	M	2016	F39	.104514229636899	3	Unspecified mood [affective] disorder
1-6	M	2016	F902	.0907752698724239	4	Attention-deficit hyperactivity disorder, combined type
1-6	M	2016	F319	.0583905789990186	5	Bipolar disorder, unspecified
1-6	M	2016	F913	.0412168792934249	6	Oppositional defiant disorder
1-6	M	2016	F909	.0377821393523062	7	Attention-deficit hyperactivity disorder, unspecified type
1-6	M	2016	F329	.0304219823356232	8	Major depressive disorder, single episode, unspecified
1-6	M	2016	F6381	.0289499509322866	9	Intermittent explosive disorder
1-6	M	2016	F4310	.0161923454367027	10	Post-traumatic stress disorder, unspecified
1-6	F	2016	F348	.28341384863124	1	Other persistent mood [affective] disorders
1-6	F	2016	F39	.117552334943639	2	Unspecified mood [affective] disorder
1-6	F	2016	F3481	.0998389694041868	3	Disruptive mood dysregulation disorder
1-6	F	2016	F902	.0595813204508857	4	Attention-deficit hyperactivity disorder, combined type
1-6	F	2016	F319	.0547504025764895	5	Bipolar disorder, unspecified
1-6	F	2016	F329	.0531400966183575	6	Major depressive disorder, single episode, unspecified
1-6	F	2016	F909	.0402576489533011	7	Attention-deficit hyperactivity disorder, unspecified type
1-6	F	2016	F913	.037037037037037	8	Oppositional defiant disorder
1-6	F	2016	F6381	.0322061191626409	9	Intermittent explosive disorder
1-6	F	2016	F4310	.0289855072463768	10	Post-traumatic stress disorder, unspecified
7-9	M	2016	F348	.268666406960135	1	Other persistent mood [affective] disorders
7-9	M	2016	F3481	.132320477860018	2	Disruptive mood dysregulation disorder
7-9	M	2016	F39	.0759641604986365	3	Unspecified mood [affective] disorder
7-9	M	2016	F319	.0699909102713933	4	Bipolar disorder, unspecified
7-9	M	2016	F902	.0479158550837554	5	Attention-deficit hyperactivity disorder, combined type
7-9	M	2016	F329	.0476561485521361	6	Major depressive disorder, single episode, unspecified
7-9	M	2016	F913	.0386962732112713	7	Oppositional defiant disorder
7-9	M	2016	F909	.0311647837943124	8	Attention-deficit hyperactivity disorder, unspecified type
7-9	M	2016	F6381	.0262303596935463	9	Intermittent explosive disorder
7-9	M	2016	F332	.0161018049603948	10	Major depressv disorder, recurrent severe w/o psych features
7-9	F	2016	F348	.219950652097286	1	Other persistent mood [affective] disorders
7-9	F	2016	F3481	.105040535777229	2	Disruptive mood dysregulation disorder
7-9	F	2016	F39	.0754317941487487	3	Unspecified mood [affective] disorder
7-9	F	2016	F319	.0719069439548819	4	Bipolar disorder, unspecified
7-9	F	2016	F329	.0680296087416285	5	Major depressive disorder, single episode, unspecified
7-9	F	2016	F902	.0363059569968276	6	Attention-deficit hyperactivity disorder, combined type
7-9	F	2016	F4310	.0324286217835742	7	Post-traumatic stress disorder, unspecified
7-9	F	2016	F332	.0292562566090941	8	Major depressv disorder, recurrent severe w/o psych features
7-9	F	2016	F913	.0289037715897074	9	Oppositional defiant disorder
7-9	F	2016	F322	.0204441311244272	10	Major depressv disord, single epsd, sev w/o psych features
10-12	M	2016	F348	.228894324028	1	Other persistent mood [affective] disorders
10-12	M	2016	F3481	.111832672682803	2	Disruptive mood dysregulation disorder
10-12	M	2016	F319	.0716876106941047	3	Bipolar disorder, unspecified
10-12	M	2016	F329	.0675550307835034	4	Major depressive disorder, single episode, unspecified
10-12	M	2016	F39	.0669646622248461	5	Unspecified mood [affective] disorder
10-12	M	2016	F332	.0363498355401872	6	Major depressv disorder, recurrent severe w/o psych features
10-12	M	2016	F902	.0327232858227208	7	Attention-deficit hyperactivity disorder, combined type
10-12	M	2016	F913	.0288437210086869	8	Oppositional defiant disorder
10-12	M	2016	F909	.0218436366703213	9	Attention-deficit hyperactivity disorder, unspecified type
10-12	M	2016	F332	.0199881926288269	10	Major depressive disorder, recurrent severe without psychotic features
10-12	F	2016	F348	.132018209408194	1	Other persistent mood [affective] disorders
10-12	F	2016	F329	.100910470409712	2	Major depressive disorder, single episode, unspecified
10-12	F	2016	F332	.100341426403642	3	Major depressv disorder, recurrent severe w/o psych features
10-12	F	2016	F3481	.0635432473444613	4	Disruptive mood dysregulation disorder
10-12	F	2016	F319	.0588012139605463	5	Bipolar disorder, unspecified
10-12	F	2016	F322	.0548179059180577	6	Major depressv disord, single epsd, sev w/o psych features
10-12	F	2016	F332	.0444802731411229	7	Major depressive disorder, recurrent severe without psychotic features
10-12	F	2016	F39	.0440060698027314	8	Unspecified mood [affective] disorder
10-12	F	2016	F333	.039453717754173	9	Major depressv disorder, recurrent, severe w psych symptoms
10-12	F	2016	F323	.0254172989377845	10	Major depressv disord, single epsd, severe w psych features
13-17	M	2016	F348	.126127922628247	1	Other persistent mood [affective] disorders
13-17	M	2016	F332	.105264469814049	2	Major depressv disorder, recurrent severe w/o psych features
13-17	M	2016	F329	.0853482227429084	3	Major depressive disorder, single episode, unspecified
13-17	M	2016	F319	.073134253950845	4	Bipolar disorder, unspecified
13-17	M	2016	F3481	.0601226382172591	5	Disruptive mood dysregulation disorder
13-17	M	2016	F39	.0482576399621118	6	Unspecified mood [affective] disorder
13-17	M	2016	F332	.0457400668029313	7	Major depressive disorder, recurrent severe without psychotic features
13-17	M	2016	F322	.0381873473253901	8	Major depressv disord, single epsd, sev w/o psych features
13-17	M	2016	F333	.0261229373348622	9	Major depressv disorder, recurrent, severe w psych symptoms
13-17	M	2016	F331	.0220100702926367	10	Major depressive disorder, recurrent, moderate
13-17	F	2016	F332	.182430126872848	1	Major depressv disorder, recurrent severe w/o psych features
13-17	F	2016	F329	.100583180817074	2	Major depressive disorder, single episode, unspecified
13-17	F	2016	F332	.0815212333653876	3	Major depressive disorder, recurrent severe without psychotic features
13-17	F	2016	F348	.0658560039705928	4	Other persistent mood [affective] disorders
13-17	F	2016	F319	.060675621180631	5	Bipolar disorder, unspecified
13-17	F	2016	F322	.0556503396718057	6	Major depressv disord, single epsd, sev w/o psych features
13-17	F	2016	F333	.0393802152805782	7	Major depressv disorder, recurrent, severe w psych symptoms
13-17	F	2016	F331	.0365573719638924	8	Major depressive disorder, recurrent, moderate
13-17	F	2016	F39	.0338275894158886	9	Unspecified mood [affective] disorder
13-17	F	2016	F3481	.0296398548252009	10	Disruptive mood dysregulation disorder
18-21	M	2016	F332	.112923589717691	1	Major depressv disorder, recurrent severe w/o psych features
18-21	M	2016	F329	.0650977223372557	2	Major depressive disorder, single episode, unspecified
18-21	M	2016	F319	.0582798848543003	3	Bipolar disorder, unspecified
18-21	M	2016	F332	.0494924498762689	4	Major depressive disorder, recurrent severe without psychotic features
18-21	M	2016	F250	.0435836573910409	5	Schizoaffective disorder, bipolar type
18-21	M	2016	F209	.0424726023938185	6	Schizophrenia, unspecified
18-21	M	2016	F200	.0378263724054341	7	Paranoid schizophrenia
18-21	M	2016	F1123	.0353012474117469	8	Opioid dependence with withdrawal
18-21	M	2016	F29	.0338366749154083	9	Unsp psychosis not due to a substance or known physiol cond
18-21	M	2016	F39	.032119589919701	10	Unspecified mood [affective] disorder
18-21	F	2016	F332	.182431746676139	1	Major depressv disorder, recurrent severe w/o psych features
18-21	F	2016	F332	.0787577387597686	2	Major depressive disorder, recurrent severe without psychotic features
18-21	F	2016	F329	.0734294123617172	3	Major depressive disorder, single episode, unspecified
18-21	F	2016	F319	.0601847153151324	4	Bipolar disorder, unspecified
18-21	F	2016	F3181	.0469400182685476	5	Bipolar II disorder
18-21	F	2016	F331	.032731147873744	6	Major depressive disorder, recurrent, moderate
18-21	F	2016	F333	.029026692377956	7	Major depressv disorder, recurrent, severe w psych symptoms
18-21	F	2016	F322	.0270475997158226	8	Major depressv disord, single epsd, sev w/o psych features
18-21	F	2016	F1123	.0257789505734294	9	Opioid dependence with withdrawal
18-21	F	2016	F250	.0246117933624277	10	Schizoaffective disorder, bipolar type
22-29	M	2016	F332	.0871659535217402	1	Major depressv disorder, recurrent severe w/o psych features
22-29	M	2016	F1123	.0822721566015014	2	Opioid dependence with withdrawal
22-29	M	2016	F250	.0734069538035819	3	Schizoaffective disorder, bipolar type
22-29	M	2016	F200	.0583924773886085	4	Paranoid schizophrenia
22-29	M	2016	F209	.0534730584949653	5	Schizophrenia, unspecified
22-29	M	2016	F329	.0534474365215609	6	Major depressive disorder, single episode, unspecified
22-29	M	2016	F319	.0531399728407082	7	Bipolar disorder, unspecified
22-29	M	2016	F259	.0413282431012837	8	Schizoaffective disorder, unspecified
22-29	M	2016	F332	.0372031053831766	9	Major depressive disorder, recurrent severe without psychotic features
22-29	M	2016	F29	.0272361577288683	10	Unsp psychosis not due to a substance or known physiol cond
22-29	F	2016	F332	.136080870917574	1	Major depressv disorder, recurrent severe w/o psych features
22-29	F	2016	F1123	.0690772420943494	2	Opioid dependence with withdrawal
22-29	F	2016	F319	.0641524105754277	3	Bipolar disorder, unspecified
22-29	F	2016	F332	.0581907724209435	4	Major depressive disorder, recurrent severe without psychotic features
22-29	F	2016	F329	.0529095386210472	5	Major depressive disorder, single episode, unspecified
22-29	F	2016	F250	.0527799377916019	6	Schizoaffective disorder, bipolar type
22-29	F	2016	F3181	.0416666666666667	7	Bipolar II disorder
22-29	F	2016	F314	.0264061689994816	8	Bipolar disord, crnt epsd depress, sev, w/o psych features
22-29	F	2016	F333	.0234577501296008	9	Major depressv disorder, recurrent, severe w psych symptoms
22-29	F	2016	F259	.0232633488854329	10	Schizoaffective disorder, unspecified
30-39	M	2016	F250	.0870615269180266	1	Schizoaffective disorder, bipolar type
30-39	M	2016	F332	.0865925717501407	2	Major depressv disorder, recurrent severe w/o psych features
30-39	M	2016	F1123	.0712108422434815	3	Opioid dependence with withdrawal
30-39	M	2016	F200	.0581738885762521	4	Paranoid schizophrenia
30-39	M	2016	F209	.0494044269367848	5	Schizophrenia, unspecified
30-39	M	2016	F319	.0490292628024761	6	Bipolar disorder, unspecified
30-39	M	2016	F10239	.0477396360907897	7	Alcohol dependence with withdrawal, unspecified
30-39	M	2016	F329	.047129994372538	8	Major depressive disorder, single episode, unspecified
30-39	M	2016	F259	.0470596510973551	9	Schizoaffective disorder, unspecified
30-39	M	2016	F332	.0359454136184581	10	Major depressive disorder, recurrent severe without psychotic features
30-39	F	2016	F332	.130185285636794	1	Major depressv disorder, recurrent severe w/o psych features
30-39	F	2016	F250	.06743369400748	2	Schizoaffective disorder, bipolar type
30-39	F	2016	F319	.0636651725811517	3	Bipolar disorder, unspecified
30-39	F	2016	F1123	.0608673309161504	4	Opioid dependence with withdrawal
30-39	F	2016	F332	.0538156279441574	5	Major depressive disorder, recurrent severe without psychotic features
30-39	F	2016	F329	.04493676306849	6	Major depressive disorder, single episode, unspecified
30-39	F	2016	F3181	.035001570217261	7	Bipolar II disorder
30-39	F	2016	F259	.030804807719759	8	Schizoaffective disorder, unspecified
30-39	F	2016	F10239	.0299197761726668	9	Alcohol dependence with withdrawal, unspecified
30-39	F	2016	F314	.0281782624832272	10	Bipolar disord, crnt epsd depress, sev, w/o psych features
40-55	M	2016	F332	.10786668801936	1	Major depressv disorder, recurrent severe w/o psych features
40-55	M	2016	F250	.0790583462339187	2	Schizoaffective disorder, bipolar type
40-55	M	2016	F10239	.0768519012793822	3	Alcohol dependence with withdrawal, unspecified
40-55	M	2016	F1123	.0498941262300041	4	Opioid dependence with withdrawal
40-55	M	2016	F200	.0482037046922543	5	Paranoid schizophrenia
40-55	M	2016	F319	.0463353440452677	6	Bipolar disorder, unspecified
40-55	M	2016	F259	.0406768803715369	8	Schizoaffective disorder, unspecified
40-55	M	2016	F332	.0399651239345896	9	Major depressive disorder, recurrent severe without psychotic features
40-55	M	2016	F209	.0398761543799712	10	Schizophrenia, unspecified
40-55	F	2016	F332	.145208677103876	1	Major depressv disorder, recurrent severe w/o psych features
40-55	F	2016	F250	.0728659395500463	2	Schizoaffective disorder, bipolar type
40-55	F	2016	F332	.0536885740733288	3	Major depressive disorder, recurrent severe without psychotic features
40-55	F	2016	F319	.0527226626956977	4	Bipolar disorder, unspecified
40-55	F	2016	F10239	.0420372680806536	5	Alcohol dependence with withdrawal, unspecified
40-55	F	2016	F333	.0398035980198817	6	Major depressv disorder, recurrent, severe w psych symptoms
40-55	F	2016	F329	.0393005191773655	7	Major depressive disorder, single episode, unspecified
40-55	F	2016	F259	.0351953958224333	8	Schizoaffective disorder, unspecified
40-55	F	2016	F1123	.0347325632873184	9	Opioid dependence with withdrawal
40-55	F	2016	F3181	.0296212822473538	10	Bipolar II disorder
55-65	M	2016	F332	.113185478429079	1	Major depressv disorder, recurrent severe w/o psych features
55-65	M	2016	F10239	.0895226955778488	2	Alcohol dependence with withdrawal, unspecified
55-65	M	2016	F250	.0619461064375365	3	Schizoaffective disorder, bipolar type
55-65	M	2016	F200	.0544783840928517	4	Paranoid schizophrenia
55-65	M	2016	F1123	.0539385487426335	5	Opioid dependence with withdrawal
55-65	M	2016	F332	.0473255657024607	6	Major depressive disorder, recurrent severe without psychotic features
55-65	M	2016	F209	.0451212380224032	7	Schizophrenia, unspecified
55-65	M	2016	F329	.0444464438346304	8	Major depressive disorder, single episode, unspecified
55-65	M	2016	F333	.0428719240631607	9	Major depressv disorder, recurrent, severe w psych symptoms
55-65	M	2016	F259	.036258941022988	10	Schizoaffective disorder, unspecified
55-65	F	2016	F332	.148684145313971	1	Major depressv disorder, recurrent severe w/o psych features
55-65	F	2016	F250	.0697328641522526	2	Schizoaffective disorder, bipolar type
55-65	F	2016	F332	.0558556772562819	3	Major depressive disorder, recurrent severe without psychotic features
55-65	F	2016	F333	.0458442781384745	4	Major depressv disorder, recurrent, severe w psych symptoms
55-65	F	2016	F10239	.0444069980671061	5	Alcohol dependence with withdrawal, unspecified
55-65	F	2016	F319	.0426723497051098	6	Bipolar disorder, unspecified
55-65	F	2016	F200	.0410368241066561	7	Paranoid schizophrenia
55-65	F	2016	F259	.0381622639639193	8	Schizoaffective disorder, unspecified
55-65	F	2016	F329	.0356841948753531	9	Major depressive disorder, single episode, unspecified
55-65	F	2016	F209	.0314714774247906	10	Schizophrenia, unspecified
66-77	M	2016	F332	.108265148820111	1	Major depressv disorder, recurrent severe w/o psych features
66-77	M	2016	F10239	.0749436736629906	2	Alcohol dependence with withdrawal, unspecified
66-77	M	2016	F0391	.072097711371991	3	Unspecified dementia with behavioral disturbance
66-77	M	2016	F332	.048381358946994	4	Major depressive disorder, recurrent severe without psychotic features
66-77	M	2016	F333	.0462468872287442	5	Major depressv disorder, recurrent, severe w psych symptoms
66-77	M	2016	F329	.0444681607968694	6	Major depressive disorder, single episode, unspecified
66-77	M	2016	F200	.0390133997391201	7	Paranoid schizophrenia
66-77	M	2016	F250	.0373532550693703	8	Schizoaffective disorder, bipolar type
66-77	M	2016	F1123	.031898494011621	9	Opioid dependence with withdrawal
66-77	M	2016	F29	.0303569311039962	10	Unsp psychosis not due to a substance or known physiol cond
66-77	F	2016	F332	.140623482567738	1	Major depressv disorder, recurrent severe w/o psych features
66-77	F	2016	F333	.0616684471205205	2	Major depressv disorder, recurrent, severe w psych symptoms
66-77	F	2016	F332	.0549674662523065	3	Major depressive disorder, recurrent severe without psychotic features
66-77	F	2016	F0391	.0534136156161989	4	Unspecified dementia with behavioral disturbance
66-77	F	2016	F250	.0437991648052831	5	Schizoaffective disorder, bipolar type
66-77	F	2016	F200	.0393318442264737	6	Paranoid schizophrenia
66-77	F	2016	F329	.0385549189084199	7	Major depressive disorder, single episode, unspecified
66-77	F	2016	F29	.0377779935903661	8	Unsp psychosis not due to a substance or known physiol cond
66-77	F	2016	F319	.0295231620860445	9	Bipolar disorder, unspecified
66-77	F	2016	F209	.0276779644556667	10	Schizophrenia, unspecified
78 and up	M	2016	F0391	.256487401278676	1	Unspecified dementia with behavioral disturbance
78 and up	M	2016	F332	.0774727341105679	2	Major depressv disorder, recurrent severe w/o psych features
78 and up	M	2016	F0151	.069951109439639	3	Vascular dementia with behavioral disturbance
78 and up	M	2016	F329	.0481383978939451	4	Major depressive disorder, single episode, unspecified
78 and up	M	2016	F29	.0473862354268522	5	Unsp psychosis not due to a substance or known physiol cond
78 and up	M	2016	F0390	.0323429860849944	7	Unspecified dementia without behavioral disturbance
78 and up	M	2016	F332	.0319669048514479	8	Major depressive disorder, recurrent severe without psychotic features
78 and up	M	2016	F322	.0263256863482512	9	Major depressv disord, single epsd, sev w/o psych features
78 and up	M	2016	F339	.0251974426476119	10	Major depressive disorder, recurrent, unspecified
78 and up	F	2016	F0391	.227751196172249	1	Unspecified dementia with behavioral disturbance
78 and up	F	2016	F332	.100239234449761	2	Major depressv disorder, recurrent severe w/o psych features
78 and up	F	2016	F333	.0732057416267943	3	Major depressv disorder, recurrent, severe w psych symptoms
78 and up	F	2016	F29	.0502392344497608	4	Unsp psychosis not due to a substance or known physiol cond
78 and up	F	2016	F332	.0440191387559809	5	Major depressive disorder, recurrent severe without psychotic features
78 and up	F	2016	F329	.0380382775119617	6	Major depressive disorder, single episode, unspecified
78 and up	F	2016	F0151	.0361244019138756	7	Vascular dementia with behavioral disturbance
78 and up	F	2016	F333	.0325358851674641	8	Major depressive disorder, recurrent, severe with psychotic symptoms
78 and up	F	2016	F0390	.0272727272727273	9	Unspecified dementia without behavioral disturbance
78 and up	F	2016	F331	.0215311004784689	10	Major depressive disorder, recurrent, moderate
1-6	M	2017	F3481	.512048192771084	1	Disruptive mood dysregulation disorder
1-6	M	2017	F902	.0963855421686747	2	Attention-deficit hyperactivity disorder, combined type
1-6	M	2017	F913	.0507028112449799	3	Oppositional defiant disorder
1-6	M	2017	F39	.0456827309236948	4	Unspecified mood [affective] disorder
1-6	M	2017	F909	.0386546184738956	5	Attention-deficit hyperactivity disorder, unspecified type
1-6	M	2017	F6381	.0276104417670683	6	Intermittent explosive disorder
1-6	M	2017	F319	.0251004016064257	7	Bipolar disorder, unspecified
1-6	M	2017	F4310	.019578313253012	8	Post-traumatic stress disorder, unspecified
1-6	M	2017	F639	.018574297188755	9	Impulse disorder, unspecified
1-6	M	2017	F919	.0150602409638554	10	Conduct disorder, unspecified
1-6	F	2017	F3481	.465661641541039	1	Disruptive mood dysregulation disorder
1-6	F	2017	F902	.0804020100502513	2	Attention-deficit hyperactivity disorder, combined type
1-6	F	2017	F39	.0603015075376884	3	Unspecified mood [affective] disorder
1-6	F	2017	F319	.0418760469011725	4	Bipolar disorder, unspecified
1-6	F	2017	F4310	.033500837520938	6	Post-traumatic stress disorder, unspecified
1-6	F	2017	F919	.0217755443886097	7	Conduct disorder, unspecified
1-6	F	2017	F322	.0201005025125628	8	Major depressive disorder, single episode, severe without psychotic features
1-6	F	2017	F909	.0184254606365159	10	Attention-deficit hyperactivity disorder, unspecified type
7-9	M	2017	F3481	.491031675359369	1	Disruptive mood dysregulation disorder
7-9	M	2017	F902	.0520290039435186	2	Attention-deficit hyperactivity disorder, combined type
7-9	M	2017	F39	.043378704999364	3	Unspecified mood [affective] disorder
7-9	M	2017	F913	.0423610227706399	4	Oppositional defiant disorder
7-9	M	2017	F319	.0396896069202392	5	Bipolar disorder, unspecified
7-9	M	2017	F332	.0320569902048085	6	Major depressive disorder, recurrent severe without psychotic features
7-9	M	2017	F329	.0268413687825976	7	Major depressive disorder, single episode, unspecified
7-9	M	2017	F322	.024678794046559	8	Major depressive disorder, single episode, severe without psychotic features
7-9	M	2017	F909	.0231522707034728	9	Attention-deficit hyperactivity disorder, unspecified type
7-9	M	2017	F6381	.0214985370817962	10	Intermittent explosive disorder
7-9	F	2017	F3481	.428571428571429	1	Disruptive mood dysregulation disorder
7-9	F	2017	F332	.0489977728285078	2	Major depressive disorder, recurrent severe without psychotic features
7-9	F	2017	F39	.04804327076042	3	Unspecified mood [affective] disorder
7-9	F	2017	F319	.0432707604199809	4	Bipolar disorder, unspecified
7-9	F	2017	F322	.0381800827235126	5	Major depressive disorder, single episode, severe without psychotic features
7-9	F	2017	F902	.037543748011454	6	Attention-deficit hyperactivity disorder, combined type
7-9	F	2017	F329	.0372255806554248	7	Major depressive disorder, single episode, unspecified
7-9	F	2017	F913	.0365892459433662	8	Oppositional defiant disorder
7-9	F	2017	F4310	.0273623926185173	9	Post-traumatic stress disorder, unspecified
7-9	F	2017	F333	.0244988864142539	10	Major depressive disorder, recurrent, severe with psychotic symptoms
10-12	M	2017	F3481	.411523588553751	1	Disruptive mood dysregulation disorder
10-12	M	2017	F332	.071461716937355	2	Major depressive disorder, recurrent severe without psychotic features
10-12	M	2017	F39	.0463263727764888	3	Unspecified mood [affective] disorder
10-12	M	2017	F319	.0419180201082753	4	Bipolar disorder, unspecified
10-12	M	2017	F329	.0415313225058005	5	Major depressive disorder, single episode, unspecified
10-12	M	2017	F322	.0383604021655066	6	Major depressive disorder, single episode, severe without psychotic features
10-12	M	2017	F913	.0308584686774942	7	Oppositional defiant disorder
10-12	M	2017	F902	.0290023201856148	8	Attention-deficit hyperactivity disorder, combined type
10-12	M	2017	F333	.0252900232018561	9	Major depressive disorder, recurrent, severe with psychotic symptoms
10-12	M	2017	F3163	.0158546017014695	10	Bipolar disorder, current episode mixed, severe, without psychotic features
10-12	F	2017	F3481	.22822066577477	1	Disruptive mood dysregulation disorder
10-12	F	2017	F332	.176831667584796	2	Major depressive disorder, recurrent severe without psychotic features
10-12	F	2017	F322	.0829464074919336	3	Major depressive disorder, single episode, severe without psychotic features
10-12	F	2017	F329	.069567954670654	4	Major depressive disorder, single episode, unspecified
10-12	F	2017	F333	.0690957739828441	5	Major depressive disorder, recurrent, severe with psychotic symptoms
10-12	F	2017	F323	.0337609191784056	6	Major depressive disorder, single episode, severe with psychotic features
10-12	F	2017	F39	.033446132053199	7	Unspecified mood [affective] disorder
10-12	F	2017	F319	.0325017706775793	8	Bipolar disorder, unspecified
10-12	F	2017	F331	.028803021956402	9	Major depressive disorder, recurrent, moderate
10-12	F	2017	F321	.0204611631384276	10	Major depressive disorder, single episode, moderate
13-17	M	2017	F3481	.207926180054419	1	Disruptive mood dysregulation disorder
13-17	M	2017	F332	.187696675736425	2	Major depressive disorder, recurrent severe without psychotic features
13-17	M	2017	F322	.0675499822548208	3	Major depressive disorder, single episode, severe without psychotic features
13-17	M	2017	F329	.055719862770614	4	Major depressive disorder, single episode, unspecified
13-17	M	2017	F319	.0504909499585946	5	Bipolar disorder, unspecified
13-17	M	2017	F333	.0376907606766828	6	Major depressive disorder, recurrent, severe with psychotic symptoms
13-17	M	2017	F39	.0353957174967467	7	Unspecified mood [affective] disorder
13-17	M	2017	F331	.0281556843724122	8	Major depressive disorder, recurrent, moderate
13-17	M	2017	F29	.0190938128475098	9	Unspecified psychosis not due to a substance or known physiological condition
13-17	M	2017	F3163	.0184076659174258	10	Bipolar disorder, current episode mixed, severe, without psychotic features
13-17	F	2017	F332	.305008543656685	1	Major depressive disorder, recurrent severe without psychotic features
13-17	F	2017	F3481	.107678086220903	2	Disruptive mood dysregulation disorder
13-17	F	2017	F322	.0843581052690552	3	Major depressive disorder, single episode, severe without psychotic features
13-17	F	2017	F329	.0643295330401412	4	Major depressive disorder, single episode, unspecified
13-17	F	2017	F333	.058965237121488	5	Major depressive disorder, recurrent, severe with psychotic symptoms
13-17	F	2017	F331	.0465419199417351	6	Major depressive disorder, recurrent, moderate
13-17	F	2017	F319	.0416678338328805	7	Bipolar disorder, unspecified
13-17	F	2017	F39	.0274937673324183	8	Unspecified mood [affective] disorder
13-17	F	2017	F321	.0206868539735007	9	Major depressive disorder, single episode, moderate
13-17	F	2017	F314	.019384296478893	10	Bipolar disorder, current episode depressed, severe, without psychotic features
18-21	M	2017	F332	.19095296080819	1	Major depressive disorder, recurrent severe without psychotic features
18-21	M	2017	F250	.0505118838226672	2	Schizoaffective disorder, bipolar type
18-21	M	2017	F29	.0433410003156993	3	Unspecified psychosis not due to a substance or known physiological condition
18-21	M	2017	F329	.0414468046723493	4	Major depressive disorder, single episode, unspecified
18-21	M	2017	F200	.039327109547648	5	Paranoid schizophrenia
18-21	M	2017	F319	.0382898119334326	6	Bipolar disorder, unspecified
18-21	M	2017	F322	.0375231136968385	7	Major depressive disorder, single episode, severe without psychotic features
18-21	M	2017	F333	.0351779190907861	8	Major depressive disorder, recurrent, severe with psychotic symptoms
18-21	M	2017	F312	.0326072250033825	9	Bipolar disorder, current episode manic severe with psychotic features
18-21	M	2017	F209	.032517025210842	10	Schizophrenia, unspecified
18-21	F	2017	F332	.30209995800084	1	Major depressive disorder, recurrent severe without psychotic features
18-21	F	2017	F3181	.049895002099958	2	Bipolar II disorder
18-21	F	2017	F329	.0434691306173877	3	Major depressive disorder, single episode, unspecified
18-21	F	2017	F322	.0419571608567829	4	Major depressive disorder, single episode, severe without psychotic features
18-21	F	2017	F319	.0419151616967661	5	Bipolar disorder, unspecified
18-21	F	2017	F314	.0414111717765645	6	Bipolar disorder, current episode depressed, severe, without psychotic features
18-21	F	2017	F333	.0395212095758085	7	Major depressive disorder, recurrent, severe with psychotic symptoms
18-21	F	2017	F331	.0344813103737925	8	Major depressive disorder, recurrent, moderate
18-21	F	2017	F250	.0250734985300294	9	Schizoaffective disorder, bipolar type
18-21	F	2017	F315	.021377572448551	10	Bipolar disorder, current episode depressed, severe, with psychotic features
22-29	M	2017	F332	.150513240942477	1	Major depressive disorder, recurrent severe without psychotic features
22-29	M	2017	F250	.0838031490757171	2	Schizoaffective disorder, bipolar type
22-29	M	2017	F1123	.0633184339974394	3	Opioid dependence with withdrawal
22-29	M	2017	F200	.0520653174906224	4	Paranoid schizophrenia
22-29	M	2017	F209	.0509197906605871	5	Schizophrenia, unspecified
22-29	M	2017	F319	.0351294894544148	6	Bipolar disorder, unspecified
22-29	M	2017	F259	.0334898137957368	7	Schizoaffective disorder, unspecified
22-29	M	2017	F29	.03272612924238	8	Unspecified psychosis not due to a substance or known physiological condition
22-29	M	2017	F312	.0317602928954875	9	Bipolar disorder, current episode manic severe with psychotic features
22-29	M	2017	F329	.0305249208238809	10	Major depressive disorder, single episode, unspecified
22-29	F	2017	F332	.227092186762214	1	Major depressive disorder, recurrent severe without psychotic features
22-29	F	2017	F250	.0563564147432158	2	Schizoaffective disorder, bipolar type
22-29	F	2017	F1123	.0542177040802155	3	Opioid dependence with withdrawal
22-29	F	2017	F314	.04388523178624	4	Bipolar disorder, current episode depressed, severe, without psychotic features
22-29	F	2017	F319	.0431908452073438	5	Bipolar disorder, unspecified
22-29	F	2017	F3181	.0431352942810321	6	Bipolar II disorder
22-29	F	2017	F333	.0350248590395245	7	Major depressive disorder, recurrent, severe with psychotic symptoms
22-29	F	2017	F329	.0322195372607838	8	Major depressive disorder, single episode, unspecified
22-29	F	2017	F312	.0307752131766797	9	Bipolar disorder, current episode manic severe with psychotic features
22-29	F	2017	F331	.0297752965030692	10	Major depressive disorder, recurrent, moderate
30-39	M	2017	F332	.138794609684092	1	Major depressive disorder, recurrent severe without psychotic features
30-39	M	2017	F250	.0932460385998032	2	Schizoaffective disorder, bipolar type
30-39	M	2017	F1123	.0655513827244793	3	Opioid dependence with withdrawal
30-39	M	2017	F200	.0549474825778724	4	Paranoid schizophrenia
30-39	M	2017	F10239	.045227240776816	5	Alcohol dependence with withdrawal, unspecified
30-39	M	2017	F209	.0431988432108931	6	Schizophrenia, unspecified
30-39	M	2017	F259	.0356676641294961	7	Schizoaffective disorder, unspecified
30-39	M	2017	F319	.0346635069186432	8	Bipolar disorder, unspecified
30-39	M	2017	F333	.0342216777458679	9	Major depressive disorder, recurrent, severe with psychotic symptoms
30-39	M	2017	F251	.0320326150262085	10	Schizoaffective disorder, depressive type
30-39	F	2017	F332	.204711576451995	1	Major depressive disorder, recurrent severe without psychotic features
30-39	F	2017	F250	.0704267088107467	2	Schizoaffective disorder, bipolar type
30-39	F	2017	F1123	.0546226787830897	3	Opioid dependence with withdrawal
30-39	F	2017	F314	.0521532990912683	4	Bipolar disorder, current episode depressed, severe, without psychotic features
30-39	F	2017	F319	.0426955748715923	5	Bipolar disorder, unspecified
30-39	F	2017	F3181	.0356825365468194	6	Bipolar II disorder
30-39	F	2017	F312	.0332872382457527	8	Bipolar disorder, current episode manic severe with psychotic features
30-39	F	2017	F315	.0309660213354405	9	Bipolar disorder, current episode depressed, severe, with psychotic features
30-39	F	2017	F10239	.0292127617542473	10	Alcohol dependence with withdrawal, unspecified
40-55	M	2017	F332	.161321824596774	1	Major depressive disorder, recurrent severe without psychotic features
40-55	M	2017	F250	.0832440776209677	2	Schizoaffective disorder, bipolar type
40-55	M	2017	F10239	.0732894405241935	3	Alcohol dependence with withdrawal, unspecified
40-55	M	2017	F333	.0489383820564516	4	Major depressive disorder, recurrent, severe with psychotic symptoms
40-55	M	2017	F1123	.0467647429435484	5	Opioid dependence with withdrawal
40-55	M	2017	F200	.0464339717741935	6	Paranoid schizophrenia
40-55	M	2017	F251	.0362430695564516	7	Schizoaffective disorder, depressive type
40-55	M	2017	F209	.0355657762096774	8	Schizophrenia, unspecified
40-55	M	2017	F259	.0329826108870968	9	Schizoaffective disorder, unspecified
40-55	M	2017	F319	.0312972530241935	10	Bipolar disorder, unspecified
40-55	F	2017	F332	.219020278300938	1	Major depressive disorder, recurrent severe without psychotic features
40-55	F	2017	F250	.0779132915211468	2	Schizoaffective disorder, bipolar type
40-55	F	2017	F333	.0505768984622136	3	Major depressive disorder, recurrent, severe with psychotic symptoms
40-55	F	2017	F314	.0473587010184863	4	Bipolar disorder, current episode depressed, severe, without psychotic features
40-55	F	2017	F10239	.0419462780449451	5	Alcohol dependence with withdrawal, unspecified
40-55	F	2017	F319	.0382709502825065	6	Bipolar disorder, unspecified
40-55	F	2017	F312	.0350893232642762	7	Bipolar disorder, current episode manic severe with psychotic features
40-55	F	2017	F315	.0326391047559838	8	Bipolar disorder, current episode depressed, severe, with psychotic features
40-55	F	2017	F1123	.0307557278428935	9	Opioid dependence with withdrawal
40-55	F	2017	F3181	.0304631644389182	10	Bipolar II disorder
55-65	M	2017	F332	.175874072952929	1	Major depressive disorder, recurrent severe without psychotic features
55-65	M	2017	F10239	.0858937490540336	2	Alcohol dependence with withdrawal, unspecified
55-65	M	2017	F250	.0662176479491449	3	Schizoaffective disorder, bipolar type
55-65	M	2017	F333	.057930982291509	4	Major depressive disorder, recurrent, severe with psychotic symptoms
55-65	M	2017	F200	.0504389284092629	5	Paranoid schizophrenia
55-65	M	2017	F1123	.0473739972756168	6	Opioid dependence with withdrawal
55-65	M	2017	F209	.0367791736037536	7	Schizophrenia, unspecified
55-65	M	2017	F1020	.0317466323596186	8	Alcohol dependence, uncomplicated
55-65	M	2017	F251	.0304979567125776	9	Schizoaffective disorder, depressive type
55-65	M	2017	F329	.0269032843953383	10	Major depressive disorder, single episode, unspecified
55-65	F	2017	F332	.216800761311532	1	Major depressive disorder, recurrent severe without psychotic features
55-65	F	2017	F250	.0792023531447357	2	Schizoaffective disorder, bipolar type
55-65	F	2017	F333	.0589151310667013	3	Major depressive disorder, recurrent, severe with psychotic symptoms
55-65	F	2017	F10239	.0411800328748162	4	Alcohol dependence with withdrawal, unspecified
55-65	F	2017	F312	.0409204948524959	5	Bipolar disorder, current episode manic severe with psychotic features
55-65	F	2017	F314	.037849294921706	6	Bipolar disorder, current episode depressed, severe, without psychotic features
55-65	F	2017	F200	.0373302188770655	7	Paranoid schizophrenia
55-65	F	2017	F319	.033047841508781	8	Bipolar disorder, unspecified
55-65	F	2017	F315	.0306254866337918	9	Bipolar disorder, current episode depressed, severe, with psychotic features
55-65	F	2017	F259	.0281166190846959	10	Schizoaffective disorder, unspecified
66-77	M	2017	F332	.174310044116138	1	Major depressive disorder, recurrent severe without psychotic features
66-77	M	2017	F10239	.0802298143018365	2	Alcohol dependence with withdrawal, unspecified
66-77	M	2017	F333	.0622755719708628	3	Major depressive disorder, recurrent, severe with psychotic symptoms
66-77	M	2017	F0391	.0616599979480866	4	Unspecified dementia with behavioral disturbance
66-77	M	2017	F200	.0418590335487842	5	Paranoid schizophrenia
66-77	M	2017	F250	.041243459526008	6	Schizoaffective disorder, bipolar type
66-77	M	2017	F312	.0329332102185288	7	Bipolar disorder, current episode manic severe with psychotic features
66-77	M	2017	F1123	.0320098491843644	8	Opioid dependence with withdrawal
66-77	M	2017	F329	.0297527444341849	9	Major depressive disorder, single episode, unspecified
66-77	M	2017	F1020	.0287267877295578	10	Alcohol dependence, uncomplicated
66-77	F	2017	F332	.210503769705278	1	Major depressive disorder, recurrent severe without psychotic features
66-77	F	2017	F333	.0885023989033585	2	Major depressive disorder, recurrent, severe with psychotic symptoms
66-77	F	2017	F0391	.0557745030843043	3	Unspecified dementia with behavioral disturbance
66-77	F	2017	F250	.0525188485263879	4	Schizoaffective disorder, bipolar type
66-77	F	2017	F312	.043865661411926	5	Bipolar disorder, current episode manic severe with psychotic features
66-77	F	2017	F200	.0361549006168609	6	Paranoid schizophrenia
66-77	F	2017	F29	.03315627141878	7	Unspecified psychosis not due to a substance or known physiological condition
66-77	F	2017	F331	.0299006168608636	8	Major depressive disorder, recurrent, moderate
66-77	F	2017	F10239	.0267306374228924	9	Alcohol dependence with withdrawal, unspecified
66-77	F	2017	F319	.0259595613433859	10	Bipolar disorder, unspecified
78 and up	M	2017	F0391	.276178424549193	1	Unspecified dementia with behavioral disturbance
78 and up	M	2017	F332	.117367921543815	2	Major depressive disorder, recurrent severe without psychotic features
78 and up	M	2017	F0151	.105662764947801	3	Vascular dementia with behavioral disturbance
78 and up	M	2017	F333	.0787725403353369	4	Major depressive disorder, recurrent, severe with psychotic symptoms
78 and up	M	2017	F329	.0414425814615628	5	Major depressive disorder, single episode, unspecified
78 and up	M	2017	F29	.0404935147105346	6	Unspecified psychosis not due to a substance or known physiological condition
78 and up	M	2017	F322	.0275229357798165	7	Major depressive disorder, single episode, severe without psychotic features
78 and up	M	2017	F0281	.0211958241062955	8	Dementia in other diseases classified elsewhere with behavioral disturbance
78 and up	M	2017	F312	.0189813350205631	9	Bipolar disorder, current episode manic severe with psychotic features
78 and up	M	2017	F331	.018348623853211	10	Major depressive disorder, recurrent, moderate
78 and up	F	2017	F0391	.245413779046066	1	Unspecified dementia with behavioral disturbance
78 and up	F	2017	F332	.148185894822666	2	Major depressive disorder, recurrent severe without psychotic features
78 and up	F	2017	F333	.104973501834488	3	Major depressive disorder, recurrent, severe with psychotic symptoms
78 and up	F	2017	F0151	.0731757032205463	4	Vascular dementia with behavioral disturbance
78 and up	F	2017	F29	.047289033836119	5	Unspecified psychosis not due to a substance or known physiological condition
78 and up	F	2017	F329	.0334284549531186	6	Major depressive disorder, single episode, unspecified
78 and up	F	2017	F331	.0222176926212801	7	Major depressive disorder, recurrent, moderate
78 and up	F	2017	F0390	.0207908683245006	8	Unspecified dementia without behavioral disturbance
78 and up	F	2017	F322	.0195678760701182	9	Major depressive disorder, single episode, severe without psychotic features
78 and up	F	2017	F312	.0191602119853241	10	Bipolar disorder, current episode manic severe with psychotic features
1-6	M	2018	F3481	.503764115432873	1	Disruptive mood dysregulation disorder
1-6	M	2018	F902	.101003764115433	2	Attention-deficit hyperactivity disorder, combined type
1-6	M	2018	F39	.0639899623588457	3	Unspecified mood [affective] disorder
1-6	M	2018	F913	.0457967377666248	4	Oppositional defiant disorder
1-6	M	2018	F909	.0439146800501882	5	Attention-deficit hyperactivity disorder, unspecified type
1-6	M	2018	F4310	.0232120451693852	6	Post-traumatic stress disorder, unspecified
1-6	M	2018	F329	.0213299874529486	7	Major depressive disorder, single episode, unspecified
1-6	M	2018	F6381	.0200752823086575	8	Intermittent explosive disorder
1-6	M	2018	F4325	.0175658720200753	10	Adjustment disorder with mixed disturbance of emotions and conduct
1-6	F	2018	F3481	.459958932238193	1	Disruptive mood dysregulation disorder
1-6	F	2018	F902	.0841889117043121	2	Attention-deficit hyperactivity disorder, combined type
1-6	F	2018	F39	.0739219712525667	3	Unspecified mood [affective] disorder
1-6	F	2018	F913	.0451745379876797	4	Oppositional defiant disorder
1-6	F	2018	F4310	.0328542094455852	5	Post-traumatic stress disorder, unspecified
1-6	F	2018	F6381	.0287474332648871	6	Intermittent explosive disorder
1-6	F	2018	F909	.026694045174538	7	Attention-deficit hyperactivity disorder, unspecified type
1-6	F	2018	F332	.0205338809034908	8	Major depressive disorder, recurrent severe without psychotic features
1-6	F	2018	F329	.0184804928131417	10	Major depressive disorder, single episode, unspecified
7-9	M	2018	F3481	.526711813393529	1	Disruptive mood dysregulation disorder
7-9	M	2018	F902	.0574868322046652	2	Attention-deficit hyperactivity disorder, combined type
7-9	M	2018	F39	.055379984951091	3	Unspecified mood [affective] disorder
7-9	M	2018	F913	.0347629796839729	4	Oppositional defiant disorder
7-9	M	2018	F332	.0282919488337096	5	Major depressive disorder, recurrent severe without psychotic features
7-9	M	2018	F322	.0281414597441685	6	Major depressive disorder, single episode, severe without psychotic features
7-9	M	2018	F909	.0246802106847254	7	Attention-deficit hyperactivity disorder, unspecified type
7-9	M	2018	F6381	.0234762979683973	8	Intermittent explosive disorder
7-9	M	2018	F319	.0231753197893153	9	Bipolar disorder, unspecified
7-9	F	2018	F3481	.432164948453608	1	Disruptive mood dysregulation disorder
7-9	F	2018	F39	.0593814432989691	2	Unspecified mood [affective] disorder
7-9	F	2018	F332	.0445360824742268	3	Major depressive disorder, recurrent severe without psychotic features
7-9	F	2018	F913	.0404123711340206	4	Oppositional defiant disorder
7-9	F	2018	F902	.0383505154639175	5	Attention-deficit hyperactivity disorder, combined type
7-9	F	2018	F322	.0350515463917526	6	Major depressive disorder, single episode, severe without psychotic features
7-9	F	2018	F329	.0325773195876289	7	Major depressive disorder, single episode, unspecified
7-9	F	2018	F333	.0301030927835052	8	Major depressive disorder, recurrent, severe with psychotic symptoms
7-9	F	2018	F4310	.0255670103092784	9	Post-traumatic stress disorder, unspecified
7-9	F	2018	F323	.0243298969072165	10	Major depressive disorder, single episode, severe with psychotic features
10-12	M	2018	F3481	.416565481352992	1	Disruptive mood dysregulation disorder
10-12	M	2018	F332	.077103209019948	2	Major depressive disorder, recurrent severe without psychotic features
10-12	M	2018	F322	.0455333911535126	3	Major depressive disorder, single episode, severe without psychotic features
10-12	M	2018	F39	.0442324371205551	4	Unspecified mood [affective] disorder
10-12	M	2018	F329	.0402428447528187	5	Major depressive disorder, single episode, unspecified
10-12	M	2018	F913	.0328707718993929	6	Oppositional defiant disorder
10-12	M	2018	F319	.0327840416305291	7	Bipolar disorder, unspecified
10-12	M	2018	F902	.0320901994796184	8	Attention-deficit hyperactivity disorder, combined type
10-12	M	2018	F333	.0261058109280139	9	Major depressive disorder, recurrent, severe with psychotic symptoms
10-12	M	2018	F6381	.0195143104943625	10	Intermittent explosive disorder
10-12	F	2018	F3481	.224193823579594	1	Disruptive mood dysregulation disorder
10-12	F	2018	F332	.186998805664562	2	Major depressive disorder, recurrent severe without psychotic features
10-12	F	2018	F322	.0942671898993346	3	Major depressive disorder, single episode, severe without psychotic features
10-12	F	2018	F333	.070380481146562	4	Major depressive disorder, recurrent, severe with psychotic symptoms
10-12	F	2018	F329	.0602286299266337	5	Major depressive disorder, single episode, unspecified
10-12	F	2018	F331	.0354888244326907	6	Major depressive disorder, recurrent, moderate
10-12	F	2018	F39	.0351475857362225	7	Unspecified mood [affective] disorder
10-12	F	2018	F323	.0326736051868282	8	Major depressive disorder, single episode, severe with psychotic features
10-12	F	2018	F321	.0261047602798157	9	Major depressive disorder, single episode, moderate
10-12	F	2018	F319	.0251663538645282	10	Bipolar disorder, unspecified
13-17	M	2018	F3481	.206577708875478	1	Disruptive mood dysregulation disorder
13-17	M	2018	F332	.192984884557887	2	Major depressive disorder, recurrent severe without psychotic features
13-17	M	2018	F322	.06588782459443	3	Major depressive disorder, single episode, severe without psychotic features
13-17	M	2018	F329	.0553125519074248	4	Major depressive disorder, single episode, unspecified
13-17	M	2018	F319	.042273406788107	5	Bipolar disorder, unspecified
13-17	M	2018	F333	.0418581473894026	6	Major depressive disorder, recurrent, severe with psychotic symptoms
13-17	M	2018	F39	.0374840817230497	7	Unspecified mood [affective] disorder
13-17	M	2018	F331	.0357399922484912	8	Major depressive disorder, recurrent, moderate
13-17	M	2018	F321	.0179668899839433	9	Major depressive disorder, single episode, moderate
13-17	M	2018	F29	.015918276950335	10	Unspecified psychosis not due to a substance or known physiological condition
13-17	F	2018	F332	.318364283719631	1	Major depressive disorder, recurrent severe without psychotic features
13-17	F	2018	F3481	.110252024574141	2	Disruptive mood dysregulation disorder
13-17	F	2018	F322	.0819079865959229	3	Major depressive disorder, single episode, severe without psychotic features
13-17	F	2018	F329	.0634250209438704	4	Major depressive disorder, single episode, unspecified
13-17	F	2018	F333	.0607721306897515	5	Major depressive disorder, recurrent, severe with psychotic symptoms
13-17	F	2018	F331	.0497416922647305	6	Major depressive disorder, recurrent, moderate
13-17	F	2018	F319	.0371055571069534	7	Bipolar disorder, unspecified
13-17	F	2018	F39	.0280298799218095	8	Unspecified mood [affective] disorder
13-17	F	2018	F321	.0212929349343759	9	Major depressive disorder, single episode, moderate
13-17	F	2018	F314	.0169994414967886	10	Bipolar disorder, current episode depressed, severe, without psychotic features
18-21	M	2018	F332	.203692339163343	1	Major depressive disorder, recurrent severe without psychotic features
18-21	M	2018	F250	.0483277078858546	2	Schizoaffective disorder, bipolar type
18-21	M	2018	F29	.041679451774573	3	Unspecified psychosis not due to a substance or known physiological condition
18-21	M	2018	F319	.0390201493300603	4	Bipolar disorder, unspecified
18-21	M	2018	F333	.036411987317173	5	Major depressive disorder, recurrent, severe with psychotic symptoms
18-21	M	2018	F322	.0363608468855477	6	Major depressive disorder, single episode, severe without psychotic features
18-21	M	2018	F329	.0337015444410351	7	Major depressive disorder, single episode, unspecified
18-21	M	2018	F312	.0326787358085302	8	Bipolar disorder, current episode manic severe with psychotic features
18-21	M	2018	F209	.0325253145136545	9	Schizophrenia, unspecified
18-21	M	2018	F200	.0305819781118953	10	Paranoid schizophrenia
18-21	F	2018	F332	.302479965858979	1	Major depressive disorder, recurrent severe without psychotic features
18-21	F	2018	F3181	.0480345203660676	2	Bipolar II disorder
18-21	F	2018	F314	.0429133671582341	3	Bipolar disorder, current episode depressed, severe, without psychotic features
18-21	F	2018	F333	.0409692256626677	4	Major depressive disorder, recurrent, severe with psychotic symptoms
18-21	F	2018	F331	.0399734458722557	5	Major depressive disorder, recurrent, moderate
18-21	F	2018	F319	.0391199203376168	6	Bipolar disorder, unspecified
18-21	F	2018	F329	.0390250841671013	7	Major depressive disorder, single episode, unspecified
18-21	F	2018	F322	.0375551235241121	8	Major depressive disorder, single episode, severe without psychotic features
18-21	F	2018	F250	.0268860543411257	9	Schizoaffective disorder, bipolar type
18-21	F	2018	F39	.0214803926217459	10	Unspecified mood [affective] disorder
22-29	M	2018	F332	.145921718079624	1	Major depressive disorder, recurrent severe without psychotic features
22-29	M	2018	F250	.0808705448095683	2	Schizoaffective disorder, bipolar type
22-29	M	2018	F1120	.0508616763740083	3	Opioid dependence, uncomplicated
22-29	M	2018	F1123	.0461877711464251	4	Opioid dependence with withdrawal
22-29	M	2018	F200	.0447496464610148	5	Paranoid schizophrenia
22-29	M	2018	F1020	.0443901152896623	7	Alcohol dependence, uncomplicated
22-29	M	2018	F319	.0336281488938424	8	Bipolar disorder, unspecified
22-29	M	2018	F29	.0301526809041011	9	Unspecified psychosis not due to a substance or known physiological condition
22-29	M	2018	F312	.0296733060089643	10	Bipolar disorder, current episode manic severe with psychotic features
22-29	F	2018	F332	.23125090174578	1	Major depressive disorder, recurrent severe without psychotic features
22-29	F	2018	F250	.0538738998701486	2	Schizoaffective disorder, bipolar type
22-29	F	2018	F314	.0435146443514644	3	Bipolar disorder, current episode depressed, severe, without psychotic features
22-29	F	2018	F3181	.040773337180782	4	Bipolar II disorder
22-29	F	2018	F319	.0396479584475545	5	Bipolar disorder, unspecified
22-29	F	2018	F1123	.0391862646082816	6	Opioid dependence with withdrawal
22-29	F	2018	F1120	.0330111095080075	7	Opioid dependence, uncomplicated
22-29	F	2018	F333	.0326071273986438	8	Major depressive disorder, recurrent, severe with psychotic symptoms
22-29	F	2018	F331	.0319145866397345	9	Major depressive disorder, recurrent, moderate
22-29	F	2018	F312	.0289135766844611	10	Bipolar disorder, current episode manic severe with psychotic features
30-39	M	2018	F332	.138232161874334	1	Major depressive disorder, recurrent severe without psychotic features
30-39	M	2018	F250	.0860702875399361	2	Schizoaffective disorder, bipolar type
30-39	M	2018	F1020	.066517571884984	3	Alcohol dependence, uncomplicated
30-39	M	2018	F1123	.0489243876464324	4	Opioid dependence with withdrawal
30-39	M	2018	F1120	.045580404685836	5	Opioid dependence, uncomplicated
30-39	M	2018	F200	.0436847710330138	6	Paranoid schizophrenia
30-39	M	2018	F10239	.041618743343983	7	Alcohol dependence with withdrawal, unspecified
30-39	M	2018	F209	.0379765708200213	8	Schizophrenia, unspecified
30-39	M	2018	F333	.0306709265175719	9	Major depressive disorder, recurrent, severe with psychotic symptoms
30-39	M	2018	F319	.0295846645367412	10	Bipolar disorder, unspecified
30-39	F	2018	F332	.207469520037039	1	Major depressive disorder, recurrent severe without psychotic features
30-39	F	2018	F250	.0689593086064098	2	Schizoaffective disorder, bipolar type
30-39	F	2018	F314	.0446782241884871	3	Bipolar disorder, current episode depressed, severe, without psychotic features
30-39	F	2018	F1123	.0405113431760893	4	Opioid dependence with withdrawal
30-39	F	2018	F1020	.0400226349092032	5	Alcohol dependence, uncomplicated
30-39	F	2018	F319	.0372447142342713	6	Bipolar disorder, unspecified
30-39	F	2018	F3181	.0364473481146149	7	Bipolar II disorder
30-39	F	2018	F312	.0324347960286023	8	Bipolar disorder, current episode manic severe with psychotic features
30-39	F	2018	F333	.0324090745408714	9	Major depressive disorder, recurrent, severe with psychotic symptoms
30-39	F	2018	F1120	.0296568753536705	10	Opioid dependence, uncomplicated
40-55	M	2018	F332	.15679621632737	1	Major depressive disorder, recurrent severe without psychotic features
40-55	M	2018	F1020	.0992357255466447	2	Alcohol dependence, uncomplicated
40-55	M	2018	F250	.0797861402426486	3	Schizoaffective disorder, bipolar type
40-55	M	2018	F10239	.0633182534786483	4	Alcohol dependence with withdrawal, unspecified
40-55	M	2018	F333	.0445369799163753	5	Major depressive disorder, recurrent, severe with psychotic symptoms
40-55	M	2018	F200	.0362259236410995	6	Paranoid schizophrenia
40-55	M	2018	F1123	.0347350743711015	7	Opioid dependence with withdrawal
40-55	M	2018	F251	.0315820138460484	8	Schizoaffective disorder, depressive type
40-55	M	2018	F209	.0297313044074303	9	Schizophrenia, unspecified
40-55	M	2018	F319	.0285317705120296	10	Bipolar disorder, unspecified
40-55	F	2018	F332	.219178897262991	1	Major depressive disorder, recurrent severe without psychotic features
40-55	F	2018	F250	.0719754065846886	2	Schizoaffective disorder, bipolar type
40-55	F	2018	F1020	.0526775089250298	3	Alcohol dependence, uncomplicated
40-55	F	2018	F333	.0476199920666402	4	Major depressive disorder, recurrent, severe with psychotic symptoms
40-55	F	2018	F314	.0422848076160254	5	Bipolar disorder, current episode depressed, severe, without psychotic features
40-55	F	2018	F10239	.0367512891709639	6	Alcohol dependence with withdrawal, unspecified
40-55	F	2018	F319	.03520428401428	7	Bipolar disorder, unspecified
40-55	F	2018	F312	.0314161047203491	8	Bipolar disorder, current episode manic severe with psychotic features
40-55	F	2018	F315	.0290757635858786	9	Bipolar disorder, current episode depressed, severe, with psychotic features
40-55	F	2018	F3181	.028936929789766	10	Bipolar II disorder
55-65	M	2018	F332	.170530327087964	1	Major depressive disorder, recurrent severe without psychotic features
55-65	M	2018	F1020	.110828834550651	2	Alcohol dependence, uncomplicated
55-65	M	2018	F10239	.0773261352810416	3	Alcohol dependence with withdrawal, unspecified
55-65	M	2018	F250	.0635122261035249	4	Schizoaffective disorder, bipolar type
55-65	M	2018	F333	.053072403937758	5	Major depressive disorder, recurrent, severe with psychotic symptoms
55-65	M	2018	F200	.0384645919339473	6	Paranoid schizophrenia
55-65	M	2018	F1123	.0375912988250238	7	Opioid dependence with withdrawal
55-65	M	2018	F251	.0305652588123214	8	Schizoaffective disorder, depressive type
55-65	M	2018	F209	.0290568434423627	9	Schizophrenia, unspecified
55-65	M	2018	F314	.0241743410606542	10	Bipolar disorder, current episode depressed, severe, without psychotic features
55-65	F	2018	F332	.220320751026794	1	Major depressive disorder, recurrent severe without psychotic features
55-65	F	2018	F250	.0744181498141991	2	Schizoaffective disorder, bipolar type
55-65	F	2018	F333	.0619010365734403	3	Major depressive disorder, recurrent, severe with psychotic symptoms
55-65	F	2018	F1020	.0565714844513984	4	Alcohol dependence, uncomplicated
55-65	F	2018	F10239	.03764912966947	5	Alcohol dependence with withdrawal, unspecified
55-65	F	2018	F312	.0367690201447291	6	Bipolar disorder, current episode manic severe with psychotic features
55-65	F	2018	F314	.0361822804615686	7	Bipolar disorder, current episode depressed, severe, without psychotic features
55-65	F	2018	F319	.0331507920985723	8	Bipolar disorder, unspecified
55-65	F	2018	F200	.0295814590260121	9	Paranoid schizophrenia
55-65	F	2018	F209	.0262566008214356	10	Schizophrenia, unspecified
66-77	M	2018	F332	.188915768638663	1	Major depressive disorder, recurrent severe without psychotic features
66-77	M	2018	F1020	.0964372113481416	2	Alcohol dependence, uncomplicated
66-77	M	2018	F10239	.0681768198812404	3	Alcohol dependence with withdrawal, unspecified
66-77	M	2018	F333	.0652078293380251	4	Major depressive disorder, recurrent, severe with psychotic symptoms
66-77	M	2018	F0391	.0407961293160325	5	Unspecified dementia with behavioral disturbance
66-77	M	2018	F250	.0357378491312954	6	Schizoaffective disorder, bipolar type
66-77	M	2018	F200	.0278205410160545	7	Paranoid schizophrenia
66-77	M	2018	F1123	.0276006157906312	8	Opioid dependence with withdrawal
66-77	M	2018	F331	.0269408401143611	9	Major depressive disorder, recurrent, moderate
66-77	M	2018	F322	.0234220365075874	10	Major depressive disorder, single episode, severe without psychotic features
66-77	F	2018	F332	.237320865941661	1	Major depressive disorder, recurrent severe without psychotic features
66-77	F	2018	F333	.0861876206931599	2	Major depressive disorder, recurrent, severe with psychotic symptoms
66-77	F	2018	F250	.0506148998882	3	Schizoaffective disorder, bipolar type
66-77	F	2018	F0391	.0425856286207948	4	Unspecified dementia with behavioral disturbance
66-77	F	2018	F312	.0402479926821831	5	Bipolar disorder, current episode manic severe with psychotic features
66-77	F	2018	F1020	.0343530846630755	6	Alcohol dependence, uncomplicated
66-77	F	2018	F200	.0332350848663482	7	Paranoid schizophrenia
66-77	F	2018	F331	.0301859945116374	8	Major depressive disorder, recurrent, moderate
66-77	F	2018	F29	.0281532676084968	9	Unspecified psychosis not due to a substance or known physiological condition
66-77	F	2018	F10239	.0253074499441	10	Alcohol dependence with withdrawal, unspecified
78 and up	M	2018	F0391	.247297881539127	1	Unspecified dementia with behavioral disturbance
78 and up	M	2018	F332	.12926934716818	2	Major depressive disorder, recurrent severe without psychotic features
78 and up	M	2018	F0151	.108949416342412	3	Vascular dementia with behavioral disturbance
78 and up	M	2018	F333	.0860354517942067	4	Major depressive disorder, recurrent, severe with psychotic symptoms
78 and up	M	2018	F29	.0324254215304799	5	Unspecified psychosis not due to a substance or known physiological condition
78 and up	M	2018	F322	.0281020319930826	6	Major depressive disorder, single episode, severe without psychotic features
78 and up	M	2018	F331	.0220492866407263	8	Major depressive disorder, recurrent, moderate
78 and up	M	2018	F0390	.0216169476869866	9	Unspecified dementia without behavioral disturbance
78 and up	F	2018	F0391	.216686320754717	1	Unspecified dementia with behavioral disturbance
78 and up	F	2018	F332	.171285377358491	2	Major depressive disorder, recurrent severe without psychotic features
78 and up	F	2018	F333	.097877358490566	3	Major depressive disorder, recurrent, severe with psychotic symptoms
78 and up	F	2018	F0151	.0863797169811321	4	Vascular dementia with behavioral disturbance
78 and up	F	2018	F29	.0341981132075472	5	Unspecified psychosis not due to a substance or known physiological condition
78 and up	F	2018	F322	.0268278301886792	6	Major depressive disorder, single episode, severe without psychotic features
78 and up	F	2018	F0390	.0262382075471698	7	Unspecified dementia without behavioral disturbance
78 and up	F	2018	F329	.0256485849056604	8	Major depressive disorder, single episode, unspecified
78 and up	F	2018	F331	.0227004716981132	9	Major depressive disorder, recurrent, moderate
78 and up	F	2018	F312	.0203419811320755	10	Bipolar disorder, current episode manic severe with psychotic features
